id,energy_used_kwh,price,start_time,end_time,start_hour,end_hour,charging_duration,day_of_week,user_id,location
3430447,6.55,41.5,0015-08-19 11:31:25,0015-08-19 15:51:07,11,15,4.328333333,Wed,76114467,"ECR, Chennai"
1398964,18.07,41.5,0015-09-01 17:25:06,0015-09-01 21:33:07,17,21,4.133611111,Tue,82888443,"ECR, Chennai"
9214418,14.23,41.5,0015-09-03 17:11:36,0015-09-03 21:12:06,17,21,4.008333333,Thu,82888443,"ECR, Chennai"
3539357,12.37,41.5,0015-09-09 15:45:57,0015-09-09 20:11:16,15,20,4.421944444,Wed,82888443,"ECR, Chennai"
5716942,7.06,41.5,0015-09-21 17:07:30,0015-09-21 21:28:06,17,21,4.343333333,Mon,82888443,"ECR, Chennai"
8521960,13.41,41.5,0015-09-22 16:59:07,0015-09-22 21:33:06,16,21,4.566388889,Tue,82888443,"ECR, Chennai"
4895703,18.58,41.5,0015-10-01 12:34:24,0015-10-01 16:45:09,12,16,4.179166667,Thu,82888443,"ECR, Chennai"
8113851,14.51,41.5,0015-10-02 20:55:58,0015-10-03 01:04:06,20,1,4.135555556,Fri,82888443,"ECR, Chennai"
6925226,6.2,41.5,0015-06-12 14:51:18,0015-06-12 19:04:05,14,19,4.213055556,Fri,92283246,"ECR, Chennai"
8567087,6.92,41.5,0015-06-29 19:48:05,0015-06-30 00:07:05,19,0,4.316666667,Mon,92283246,"ECR, Chennai"
7448475,7.33,41.5,0015-08-19 12:41:59,0015-08-19 17:13:07,12,17,4.518888889,Wed,11299464,"ECR, Chennai"
3529616,6.88,41.5,0015-09-25 15:59:35,0015-09-25 20:08:05,15,20,4.141666667,Fri,11299464,"ECR, Chennai"
4983973,6.91,41.5,0015-07-02 10:21:25,0015-07-02 14:46:06,10,14,4.411388889,Thu,33295482,"ECR, Chennai"
2118272,0.21,41.5,0015-08-13 10:29:48,0015-08-13 14:42:07,10,14,4.205277778,Thu,33295482,"ECR, Chennai"
2428173,6.44,41.5,0015-06-11 16:51:12,0015-06-11 20:52:06,16,20,4.015,Thu,94947534,"ECR, Chennai"
5082184,6.56,41.5,0015-06-15 16:51:09,0015-06-15 21:03:06,16,21,4.199166667,Mon,94947534,"ECR, Chennai"
8109595,6.54,41.5,0015-06-22 16:47:39,0015-06-22 20:56:06,16,20,4.140833333,Mon,94947534,"ECR, Chennai"
2634493,6.54,41.5,0015-06-23 15:02:37,0015-06-23 19:12:05,15,19,4.157777778,Tue,94947534,"ECR, Chennai"
2749764,6.3,41.5,0015-06-24 17:14:53,0015-06-24 21:18:05,17,21,4.053333333,Wed,94947534,"ECR, Chennai"
7269772,6.47,41.5,0015-05-26 11:17:29,0015-05-26 15:21:06,11,15,4.060277778,Tue,50725917,"ECR, Chennai"
5713485,6.47,41.5,0015-06-26 10:59:46,0015-06-26 15:10:08,10,15,4.172777778,Fri,50725917,"ECR, Chennai"
3676930,6.78,41.5,0015-08-06 11:21:30,0015-08-06 15:23:07,11,15,4.026944444,Thu,50725917,"ECR, Chennai"
1782986,6.47,41.5,0015-09-14 11:09:56,0015-09-14 15:12:10,11,15,4.037222222,Mon,50725917,"ECR, Chennai"
4959953,6.78,41.5,0015-06-12 08:51:52,0015-06-12 12:54:05,8,12,4.036944444,Fri,30296079,"ECR, Chennai"
9245422,6.72,41.5,0015-06-15 14:52:17,0015-06-15 18:56:11,14,18,4.065,Mon,10909503,"ECR, Chennai"
2114684,6.68,41.5,0015-07-15 16:09:40,0015-07-15 20:31:06,16,20,4.357222222,Wed,10909503,"ECR, Chennai"
5759873,7.12,41.5,0015-08-14 11:13:18,0015-08-14 15:22:07,11,15,4.146944444,Fri,10909503,"ECR, Chennai"
6049068,0.44,41.5,0015-08-14 16:28:24,0015-08-14 20:41:06,16,20,4.211666667,Fri,10909503,"ECR, Chennai"
6397339,6.88,41.5,0015-07-17 11:53:07,0015-07-17 16:24:05,11,16,4.516111111,Fri,85580550,"ECR, Chennai"
8723993,4.96,41.5,0015-06-15 15:32:15,0015-06-15 19:55:12,15,19,4.3825,Mon,68581656,"ECR, Chennai"
1141949,13.04,41.5,0015-08-11 17:53:23,0015-08-11 22:17:06,17,22,4.395277778,Tue,82888443,"ECR, Chennai"
1582319,6.88,41.5,0015-07-27 20:10:16,0015-07-28 00:28:06,20,0,4.297222222,Mon,82888443,"ECR, Chennai"
8900391,20.38,41.5,0015-07-24 16:55:36,0015-07-24 21:18:06,16,21,4.375,Fri,82888443,"ECR, Chennai"
5782964,6.23,41.5,0015-04-27 12:19:49,0015-04-27 16:24:06,12,16,4.071388889,Mon,81375624,"ECR, Chennai"
9770945,6.33,41.5,0015-05-21 17:01:33,0015-05-21 21:05:09,17,21,4.06,Thu,47158353,"ECR, Chennai"
3350807,6.93,41.5,0015-05-07 11:54:45,0015-05-07 16:15:11,11,16,4.340555556,Thu,45267948,"ECR, Chennai"
7026352,5.56,41.5,0015-05-08 12:07:50,0015-05-08 16:31:07,12,16,4.388055556,Fri,45267948,"ECR, Chennai"
5386490,1.42,41.5,0015-05-11 18:25:37,0015-05-11 22:58:05,18,22,4.541111111,Mon,45267948,"ECR, Chennai"
4141353,5.25,41.5,0015-05-18 12:22:25,0015-05-18 16:28:06,12,16,4.094722222,Mon,45267948,"ECR, Chennai"
4496995,4.92,41.5,0015-05-29 11:29:04,0015-05-29 15:54:06,11,15,4.417222222,Fri,45267948,"ECR, Chennai"
5288948,7.64,41.5,0015-07-23 12:35:40,0015-07-23 16:37:06,12,16,4.023888889,Thu,45267948,"ECR, Chennai"
4249754,6.92,41.5,0015-07-28 11:54:31,0015-07-28 16:00:07,11,16,4.093333333,Tue,45267948,"ECR, Chennai"
4750104,5.25,41.5,0015-09-30 12:19:34,0015-09-30 16:39:07,12,16,4.325833333,Wed,45267948,"ECR, Chennai"
4358006,6.73,41.5,0015-04-23 10:52:48,0015-04-23 15:13:05,10,15,4.338055556,Thu,32751774,"ECR, Chennai"
1881587,6.68,41.5,0015-05-07 10:29:27,0015-05-07 14:52:07,10,14,4.377777778,Thu,32751774,"ECR, Chennai"
5623929,6.38,41.5,0015-05-20 11:41:07,0015-05-20 15:48:07,11,15,4.116666667,Wed,32751774,"ECR, Chennai"
7296160,6.36,41.5,0015-05-22 11:00:48,0015-05-22 15:05:08,11,15,4.072222222,Fri,32751774,"ECR, Chennai"
2510083,5.84,41.5,0015-05-28 10:33:45,0015-05-28 14:49:07,10,14,4.256111111,Thu,32751774,"ECR, Chennai"
1532255,4.41,41.5,0015-09-11 15:01:33,0015-09-11 19:04:07,15,19,4.042777778,Fri,68581656,"ECR, Chennai"
3585643,4.48,41.5,0015-05-29 11:04:33,0015-05-29 15:17:05,11,15,4.208888889,Fri,32751774,"ECR, Chennai"
3052743,4.3,41.5,0015-06-18 11:14:42,0015-06-18 15:25:10,11,15,4.174444444,Thu,32751774,"ECR, Chennai"
4951324,4.34,41.5,0015-07-31 11:08:12,0015-07-31 15:17:06,11,15,4.148333333,Fri,32751774,"ECR, Chennai"
2025534,4.32,41.5,0015-08-25 11:10:14,0015-08-25 15:34:06,11,15,4.397777778,Tue,32751774,"ECR, Chennai"
5600657,1.49,41.5,0015-09-03 15:14:45,0015-09-03 19:29:06,15,19,4.239166667,Thu,32751774,"ECR, Chennai"
7890969,6.51,41.5,0015-09-16 11:10:57,0015-09-16 15:34:08,11,15,4.386388889,Wed,32751774,"ECR, Chennai"
5079762,7.01,41.5,0015-09-17 10:52:37,0015-09-17 15:04:07,10,15,4.191666667,Thu,32751774,"ECR, Chennai"
7981055,6.9,41.5,0015-09-22 11:06:57,0015-09-22 15:18:09,11,15,4.186666667,Tue,32751774,"ECR, Chennai"
1419633,6.45,41.5,0015-04-09 16:07:43,0015-04-09 20:14:06,16,20,4.106388889,Thu,76114467,"ECR, Chennai"
7979793,7.07,41.5,0015-09-16 14:14:25,0015-09-16 18:21:09,14,18,4.112222222,Wed,83573325,"ECR, Chennai"
8896158,6.34,41.5,0015-09-11 11:36:25,0015-09-11 16:02:08,11,16,4.428611111,Fri,76114467,"ECR, Chennai"
4474986,4.26,41.5,0015-04-16 12:09:10,0015-04-16 16:14:06,12,16,4.082222222,Thu,98345808,"ECR, Chennai"
1229156,6.83,41.5,0015-06-17 09:03:13,0015-06-17 13:23:07,9,13,4.331666667,Wed,98345808,"ECR, Chennai"
5144808,6.81,41.5,0015-07-17 08:54:30,0015-07-17 13:23:06,8,13,4.476666667,Fri,98345808,"ECR, Chennai"
3407937,6.73,41.5,0015-08-12 08:57:49,0015-08-12 13:01:06,8,13,4.054722222,Wed,98345808,"ECR, Chennai"
9897750,4.9,41.5,0015-06-10 11:23:54,0015-06-10 15:57:06,11,15,4.553333333,Wed,32751774,"ECR, Chennai"
7720493,3.27,41.5,0015-06-05 15:53:01,0015-06-05 20:01:06,15,20,4.134722222,Fri,29309940,"ECR, Chennai"
8066267,4.57,41.5,0015-07-27 16:30:51,0015-07-27 20:31:05,16,20,4.003888889,Mon,29309940,"ECR, Chennai"
9011283,3.26,41.5,0015-08-07 17:24:06,0015-08-07 21:35:08,17,21,4.183888889,Fri,29309940,"ECR, Chennai"
7788779,5.77,41.5,0015-08-13 15:59:36,0015-08-13 20:32:06,15,20,4.541666667,Thu,81880524,"ECR, Chennai"
8726044,4.21,41.5,0015-08-20 16:35:32,0015-08-20 20:43:07,16,20,4.126388889,Thu,81880524,"ECR, Chennai"
3087121,5.96,41.5,0015-08-25 16:30:18,0015-08-25 20:50:07,16,20,4.330277778,Tue,81880524,"ECR, Chennai"
8778798,7.1,41.5,0015-07-21 11:35:22,0015-07-21 15:49:05,11,15,4.228611111,Tue,74843010,"ECR, Chennai"
2257871,7.05,41.5,0015-08-14 10:46:31,0015-08-14 14:55:08,10,14,4.143611111,Fri,74843010,"ECR, Chennai"
1124798,6.19,41.5,0015-08-17 11:21:47,0015-08-17 15:29:06,11,15,4.121944444,Mon,74843010,"ECR, Chennai"
7795071,6.92,41.5,0015-08-27 11:25:23,0015-08-27 15:38:07,11,15,4.212222222,Thu,74843010,"ECR, Chennai"
7189326,6.97,41.5,0015-09-02 11:35:31,0015-09-02 15:46:08,11,15,4.176944444,Wed,74843010,"ECR, Chennai"
6874332,6.78,41.5,0015-09-10 11:20:42,0015-09-10 15:38:07,11,15,4.290277778,Thu,74843010,"ECR, Chennai"
2130267,6.85,41.5,0015-09-15 10:49:37,0015-09-15 15:23:07,10,15,4.558333333,Tue,74843010,"ECR, Chennai"
3307691,6.85,41.5,0015-09-17 11:11:36,0015-09-17 15:30:12,11,15,4.31,Thu,74843010,"ECR, Chennai"
5504342,6.68,41.5,0015-09-24 11:19:37,0015-09-24 15:46:05,11,15,4.441111111,Thu,74843010,"ECR, Chennai"
9544057,0.77,41.5,0015-09-25 17:00:23,0015-09-25 21:32:07,17,21,4.528888889,Fri,74843010,"ECR, Chennai"
3223261,3.74,41.5,0015-08-29 09:54:55,0015-08-29 14:30:10,9,14,4.5875,Sat,66233970,"ECR, Chennai"
2349908,5.52,41.5,0015-08-03 16:28:28,0015-08-03 20:33:06,16,20,4.077222222,Mon,81880524,"ECR, Chennai"
6884056,6.68,41.5,0015-08-31 16:59:45,0015-08-31 21:16:08,16,21,4.273055556,Mon,41493375,"ECR, Chennai"
7056397,6.55,41.5,0015-07-22 11:14:17,0015-07-22 15:20:08,11,15,4.0975,Wed,45460701,"ECR, Chennai"
3420261,6.87,41.5,0015-08-05 11:05:48,0015-08-05 15:15:08,11,15,4.155555556,Wed,81295434,"ECR, Chennai"
2016932,3.26,41.5,0015-08-17 16:04:07,0015-08-17 20:11:06,16,20,4.116388889,Mon,81295434,"ECR, Chennai"
9984432,6.94,41.5,0015-08-20 10:18:38,0015-08-20 14:20:09,10,14,4.025277778,Thu,81295434,"ECR, Chennai"
1258061,6.8,41.5,0015-08-25 11:02:15,0015-08-25 15:04:06,11,15,4.030833333,Tue,81295434,"ECR, Chennai"
1422187,6.85,41.5,0015-08-27 10:37:16,0015-08-27 14:59:05,10,14,4.363611111,Thu,81295434,"ECR, Chennai"
9354109,6.99,41.5,0015-09-11 11:07:47,0015-09-11 15:17:09,11,15,4.156111111,Fri,81295434,"ECR, Chennai"
9819267,6.73,41.5,0015-09-22 11:22:36,0015-09-22 15:47:06,11,15,4.408333333,Tue,81295434,"ECR, Chennai"
4080195,6.86,41.5,0015-09-28 12:11:47,0015-09-28 16:45:10,12,16,4.556388889,Mon,81295434,"ECR, Chennai"
6554901,3.08,41.5,0015-09-30 15:54:13,0015-09-30 20:17:08,15,20,4.381944444,Wed,81295434,"ECR, Chennai"
7103437,5.95,41.5,0015-08-31 15:52:03,0015-08-31 19:55:11,15,19,4.052222222,Mon,93202560,"ECR, Chennai"
2088516,7.18,41.5,0015-09-16 11:09:51,0015-09-16 15:14:09,11,15,4.071666667,Wed,24408549,"ECR, Chennai"
7828231,6.87,41.5,0015-09-18 11:08:06,0015-09-18 15:21:10,11,15,4.217777778,Fri,24408549,"ECR, Chennai"
2489176,6.67,41.5,0015-09-17 12:23:27,0015-09-17 16:33:08,12,16,4.161388889,Thu,75009330,"ECR, Chennai"
8161768,5.07,41.5,0015-10-02 12:09:37,0015-10-02 16:40:09,12,16,4.508888889,Fri,39279042,"ECR, Chennai"
2977313,5.4,41.5,0015-09-29 18:10:51,0015-09-29 22:12:06,18,22,4.020833333,Tue,48585042,"ECR, Chennai"
9130337,6.87,41.5,0015-07-31 11:57:27,0015-07-31 16:22:05,11,16,4.410555556,Fri,81880524,"ECR, Chennai"
2149311,6.95,41.5,0015-07-22 16:36:18,0015-07-22 20:53:06,16,20,4.28,Wed,81880524,"ECR, Chennai"
1152407,4.19,41.5,0015-08-20 11:51:46,0015-08-20 16:07:06,11,16,4.255555556,Thu,29309940,"ECR, Chennai"
3759245,6.69,41.5,0015-09-03 16:06:02,0015-09-03 20:19:08,16,20,4.218333333,Thu,54832140,"ECR, Chennai"
1996427,6.71,41.5,0015-09-15 11:53:08,0015-09-15 15:57:06,11,15,4.066111111,Tue,54832140,"ECR, Chennai"
2037490,6.58,41.5,0015-06-19 11:16:22,0015-06-19 15:38:16,11,15,4.365,Fri,48821751,"ECR, Chennai"
3786360,6.58,41.5,0015-06-24 11:13:24,0015-06-24 15:41:05,11,15,4.461388889,Wed,48821751,"ECR, Chennai"
4494608,6.76,41.5,0015-06-25 11:14:32,0015-06-25 15:41:06,11,15,4.442777778,Thu,48821751,"ECR, Chennai"
6556761,6.73,41.5,0015-07-07 11:24:27,0015-07-07 15:30:08,11,15,4.094722222,Tue,48821751,"ECR, Chennai"
1493824,6.74,41.5,0015-07-10 11:12:17,0015-07-10 15:19:07,11,15,4.113888889,Fri,48821751,"ECR, Chennai"
8618154,6.66,41.5,0015-07-17 11:12:15,0015-07-17 15:14:06,11,15,4.030833333,Fri,48821751,"ECR, Chennai"
3808236,6.72,41.5,0015-07-24 11:18:56,0015-07-24 15:28:14,11,15,4.155,Fri,48821751,"ECR, Chennai"
3443097,6.63,41.5,0015-07-27 11:19:51,0015-07-27 15:27:05,11,15,4.120555556,Mon,48821751,"ECR, Chennai"
6075205,6.69,41.5,0015-07-28 11:13:17,0015-07-28 15:18:11,11,15,4.081666667,Tue,48821751,"ECR, Chennai"
1840118,6.56,41.5,0015-07-30 11:10:38,0015-07-30 15:11:06,11,15,4.007777778,Thu,48821751,"ECR, Chennai"
3853837,6.71,41.5,0015-08-05 11:14:58,0015-08-05 15:26:06,11,15,4.185555556,Wed,48821751,"ECR, Chennai"
8830609,6.84,41.5,0015-07-29 16:45:46,0015-07-29 21:09:06,16,21,4.388888889,Wed,81880524,"ECR, Chennai"
5610902,6.72,41.5,0015-08-14 11:19:05,0015-08-14 15:25:09,11,15,4.101111111,Fri,48821751,"ECR, Chennai"
9291081,6.71,41.5,0015-08-19 11:16:05,0015-08-19 15:22:06,11,15,4.100277778,Wed,48821751,"ECR, Chennai"
7553504,6.69,41.5,0015-08-24 16:09:05,0015-08-24 20:11:05,16,20,4.033333333,Mon,48821751,"ECR, Chennai"
8403743,6.64,41.5,0015-08-25 11:18:46,0015-08-25 15:34:06,11,15,4.255555556,Tue,48821751,"ECR, Chennai"
7501809,6.73,41.5,0015-08-26 11:14:42,0015-08-26 15:16:06,11,15,4.023333333,Wed,48821751,"ECR, Chennai"
6392960,6.66,41.5,0015-08-27 11:18:48,0015-08-27 15:21:07,11,15,4.038611111,Thu,48821751,"ECR, Chennai"
2160036,6.84,41.5,0015-08-31 11:15:41,0015-08-31 15:19:09,11,15,4.057777778,Mon,48821751,"ECR, Chennai"
8642812,6.74,41.5,0015-09-04 11:20:27,0015-09-04 15:53:07,11,15,4.544444444,Fri,48821751,"ECR, Chennai"
3031046,6.62,41.5,0015-09-08 11:20:25,0015-09-08 15:35:13,11,15,4.246666667,Tue,48821751,"ECR, Chennai"
2821369,6.79,41.5,0015-09-11 11:16:33,0015-09-11 15:24:07,11,15,4.126111111,Fri,48821751,"ECR, Chennai"
9498923,6.7,41.5,0015-09-17 11:22:57,0015-09-17 15:48:07,11,15,4.419444444,Thu,48821751,"ECR, Chennai"
2010414,6.88,41.5,0015-09-28 11:19:11,0015-09-28 15:21:08,11,15,4.0325,Mon,48821751,"ECR, Chennai"
7249349,6.62,41.5,0015-09-29 11:23:03,0015-09-29 15:24:09,11,15,4.018333333,Tue,48821751,"ECR, Chennai"
3504735,5.99,41.5,0015-07-10 11:59:43,0015-07-10 16:15:11,11,16,4.257777778,Fri,50986683,"ECR, Chennai"
8412002,5.97,41.5,0015-09-14 12:20:51,0015-09-14 16:39:07,12,16,4.304444444,Mon,50986683,"ECR, Chennai"
5116833,6.62,41.5,0015-08-17 11:15:54,0015-08-17 15:22:07,11,15,4.103611111,Mon,48821751,"ECR, Chennai"
2594233,4.5,41.5,0015-07-16 16:17:45,0015-07-16 20:43:08,16,20,4.423055556,Thu,48585042,"ECR, Chennai"
1781196,6.94,41.5,0015-10-02 11:27:08,0015-10-02 15:49:06,11,15,4.366111111,Fri,14996520,"ECR, Chennai"
3244147,6.63,41.5,0015-07-16 12:48:39,0015-07-16 16:59:07,12,16,4.174444444,Thu,97867440,"ECR, Chennai"
1176746,6.25,41.5,0015-03-09 12:43:36,0015-03-09 16:50:11,12,16,4.109722222,Mon,37412595,"ECR, Chennai"
5650127,7.12,41.5,0015-08-27 15:52:01,0015-08-27 20:13:06,15,20,4.351388889,Thu,37392894,"ECR, Chennai"
5990347,6.56,41.5,0015-03-09 11:48:47,0015-03-09 15:59:05,11,15,4.171666667,Mon,37392894,"ECR, Chennai"
6763610,5.71,41.5,0015-05-19 16:36:04,0015-05-19 21:07:06,16,21,4.517222222,Tue,97867440,"ECR, Chennai"
6251729,5.06,41.5,0015-08-03 16:08:20,0015-08-03 20:27:07,16,20,4.313055556,Mon,88561539,"ECR, Chennai"
1218571,6.08,41.5,0015-08-03 17:03:39,0015-08-03 21:16:06,17,21,4.2075,Mon,97867440,"ECR, Chennai"
5075871,6.12,41.5,0015-08-12 17:10:59,0015-08-12 21:30:07,17,21,4.318888889,Wed,97867440,"ECR, Chennai"
4483998,3.39,41.5,0015-04-27 16:50:33,0015-04-27 21:15:12,16,21,4.410833333,Mon,90692118,"ECR, Chennai"
3679640,0.78,41.5,0015-09-29 17:09:15,0015-09-29 21:18:08,17,21,4.148055556,Tue,72512154,"ECR, Chennai"
9321489,3.59,41.5,0015-05-08 17:08:13,0015-05-08 21:39:06,17,21,4.514722222,Fri,88561539,"ECR, Chennai"
5957528,19.06,41.5,0015-07-07 10:53:15,0015-07-07 15:23:06,10,15,4.4975,Tue,90692118,"ECR, Chennai"
4926737,23.68,41.5,0015-10-03 07:18:43,0015-10-03 11:25:07,7,11,4.106666667,Sat,78908148,"ECR, Chennai"
2473111,21.14,41.5,0015-09-09 13:59:02,0015-09-09 18:28:11,13,18,4.485833333,Wed,78908148,"ECR, Chennai"
4652369,6.62,41.5,0015-05-14 16:12:58,0015-05-14 20:18:05,16,20,4.085277778,Thu,48585042,"ECR, Chennai"
8822866,12.85,41.5,0015-08-13 15:58:01,0015-08-13 20:20:08,15,20,4.368611111,Thu,90692118,"ECR, Chennai"
6543711,14.88,41.5,0015-08-18 11:09:34,0015-08-18 15:33:08,11,15,4.392777778,Tue,90692118,"ECR, Chennai"
6732728,15.52,41.5,0015-09-03 16:05:11,0015-09-03 20:21:07,16,20,4.265555556,Thu,90692118,"ECR, Chennai"
1800956,1.99,41.5,0015-08-17 17:02:01,0015-08-17 21:03:06,17,21,4.018055556,Mon,19555569,"ECR, Chennai"
1797414,6.6,41.5,0015-06-24 12:30:03,0015-06-24 16:42:14,12,16,4.203055556,Wed,19555569,"ECR, Chennai"
1957117,6.53,41.5,0015-05-11 11:41:36,0015-05-11 15:49:06,11,15,4.125,Mon,19555569,"ECR, Chennai"
8873445,5.82,41.5,0015-09-23 12:03:55,0015-09-23 16:40:11,12,16,4.604444444,Wed,57882330,"ECR, Chennai"
3142998,6.76,41.5,0015-02-13 15:07:38,0015-02-13 19:09:05,15,19,4.024166667,Fri,33081741,"ECR, Chennai"
3817883,15.89,41.5,0015-09-18 11:05:11,0015-09-18 15:31:07,11,15,4.432222222,Fri,90692118,"ECR, Chennai"
6172610,8.09,41.5,0015-09-22 15:59:35,0015-09-22 20:22:06,15,20,4.375277778,Tue,90692118,"ECR, Chennai"
9815833,6.75,41.5,0015-09-11 16:46:12,0015-09-11 20:53:07,16,20,4.115277778,Fri,88561539,"ECR, Chennai"
5953142,3.54,41.5,0015-09-24 16:04:40,0015-09-24 20:24:06,16,20,4.323888889,Thu,90692118,"ECR, Chennai"
4127268,4.06,41.5,0015-09-28 17:05:27,0015-09-28 21:08:06,17,21,4.044166667,Mon,26618922,"ECR, Chennai"
7335594,5.7,41.5,0015-08-18 16:59:23,0015-08-18 21:15:07,16,21,4.262222222,Tue,88561539,"ECR, Chennai"
1771257,5.43,41.5,0015-06-01 13:08:26,0015-06-01 17:16:04,13,17,4.127222222,Mon,37412595,"ECR, Chennai"
5055422,6.93,41.5,0015-05-06 12:38:29,0015-05-06 16:54:06,12,16,4.260277778,Wed,97867440,"ECR, Chennai"
7641189,6.76,41.5,0015-04-21 16:42:37,0015-04-21 21:18:06,16,21,4.591388889,Tue,97867440,"ECR, Chennai"
2113485,7.85,41.5,0015-01-12 17:39:36,0015-01-12 21:48:04,17,21,4.141111111,Mon,35897499,"ECR, Chennai"
4865891,6.66,41.5,0015-04-16 16:26:28,0015-04-16 20:53:06,16,20,4.443888889,Thu,48585042,"ECR, Chennai"
7116934,6.67,41.5,0015-04-09 11:14:09,0015-04-09 15:19:05,11,15,4.082222222,Thu,35897499,"ECR, Chennai"
2545770,6.36,41.5,0015-09-30 16:56:35,0015-09-30 21:08:06,16,21,4.191944444,Wed,37412595,"ECR, Chennai"
8817335,5.06,41.5,0015-09-21 16:51:45,0015-09-21 21:18:06,16,21,4.439166667,Mon,37412595,"ECR, Chennai"
7620374,3.79,41.5,0015-04-22 11:36:23,0015-04-22 15:45:13,11,15,4.147222222,Wed,35897499,"ECR, Chennai"
9038095,11.4,41.5,0015-05-27 16:59:50,0015-05-27 21:26:06,16,21,4.437777778,Wed,35897499,"ECR, Chennai"
1119614,3.72,41.5,0015-06-16 11:25:08,0015-06-16 15:28:06,11,15,4.049444444,Tue,35897499,"ECR, Chennai"
8796946,1.02,41.5,0015-08-07 16:52:41,0015-08-07 20:56:06,16,20,4.056944444,Fri,35897499,"ECR, Chennai"
5465287,4.27,41.5,0015-09-10 16:47:27,0015-09-10 20:56:06,16,20,4.144166667,Thu,35897499,"ECR, Chennai"
6226034,6.38,41.5,0015-02-03 18:43:05,0015-02-03 22:59:04,18,22,4.266388889,Tue,65023200,"ECR, Chennai"
9207150,8.59,41.5,0015-07-31 16:40:25,0015-07-31 20:41:07,16,20,4.011666667,Fri,88561539,"ECR, Chennai"
7066893,4.87,41.5,0015-07-30 17:31:48,0015-07-30 21:33:06,17,21,4.021666667,Thu,88561539,"ECR, Chennai"
5902992,5.09,41.5,0015-03-12 16:56:41,0015-03-12 21:17:05,16,21,4.34,Thu,88561539,"ECR, Chennai"
8999662,7.55,41.5,0015-06-16 17:49:45,0015-06-16 21:56:06,17,21,4.105833333,Tue,65023200,"ECR, Chennai"
8286505,5.06,41.5,0015-08-19 17:24:24,0015-08-19 21:27:06,17,21,4.045,Wed,37412595,"ECR, Chennai"
5997459,6.66,41.5,0015-06-30 17:54:05,0015-06-30 21:54:06,17,21,4.000277778,Tue,65023200,"ECR, Chennai"
7461794,5.54,41.5,0015-07-08 17:23:48,0015-07-08 21:42:05,17,21,4.304722222,Wed,65023200,"ECR, Chennai"
9149431,5.3,41.5,0015-07-21 16:21:00,0015-07-21 20:36:05,16,20,4.251388889,Tue,88561539,"ECR, Chennai"
5452927,5.28,41.5,0015-07-15 17:11:06,0015-07-15 21:22:05,17,21,4.183055556,Wed,88561539,"ECR, Chennai"
3985909,6.51,41.5,0015-06-08 17:03:17,0015-06-08 21:25:07,17,21,4.363888889,Mon,88561539,"ECR, Chennai"
3990185,3.11,41.5,0015-09-22 17:17:45,0015-09-22 21:44:05,17,21,4.438888889,Tue,65023200,"ECR, Chennai"
9044406,1.25,41.5,0015-09-24 17:15:11,0015-09-24 21:19:06,17,21,4.065277778,Thu,65023200,"ECR, Chennai"
9330222,5.92,41.5,0015-09-29 16:42:17,0015-09-29 21:06:07,16,21,4.397222222,Tue,65023200,"ECR, Chennai"
8889678,6.68,41.5,0015-06-04 18:52:48,0015-06-04 22:53:05,18,22,4.004722222,Thu,88561539,"ECR, Chennai"
7664535,6.98,41.5,0015-07-30 16:08:38,0015-07-30 20:21:06,16,20,4.207777778,Thu,37412595,"ECR, Chennai"
6076670,0.86,41.5,0015-06-26 17:25:24,0015-06-26 21:49:04,17,21,4.394444444,Fri,65023200,"ECR, Chennai"
4611175,5.29,41.5,0015-08-27 16:05:04,0015-08-27 20:11:09,16,20,4.101388889,Thu,88561539,"ECR, Chennai"
1404956,7.86,48.13999999999999,0015-07-24 17:43:09,0015-07-24 21:47:06,17,21,4.065833333,Fri,88561539,"Pammal, Chennai"
3363995,6.3,48.13999999999999,0015-09-28 10:57:17,0015-09-28 15:34:08,10,15,4.614166667,Mon,30464676,"Pammal, Chennai"
8196621,3.87,48.13999999999999,0015-07-13 16:41:11,0015-07-13 21:20:12,16,21,4.650277778,Mon,48585042,"Pammal, Chennai"
1278421,7.08,48.13999999999999,0015-09-02 10:28:15,0015-09-02 15:05:10,10,15,4.615277778,Wed,10909503,"Pammal, Chennai"
1092006,6.92,48.13999999999999,0015-05-08 16:39:58,0015-05-08 21:17:06,16,21,4.618888889,Fri,97867440,"Pammal, Chennai"
4109622,6.7,48.13999999999999,0015-07-08 11:06:35,0015-07-08 15:43:15,11,15,4.611111111,Wed,48821751,"Pammal, Chennai"
2139022,6.67,48.13999999999999,0015-07-16 11:20:15,0015-07-16 15:57:06,11,15,4.614166667,Thu,48821751,"Pammal, Chennai"
1298872,6.69,48.13999999999999,0015-08-13 11:09:48,0015-08-13 15:47:07,11,15,4.621944444,Thu,48821751,"Pammal, Chennai"
8836927,1.23,48.13999999999999,0015-09-17 17:09:13,0015-09-17 21:49:07,17,21,4.665,Thu,65023200,"Pammal, Chennai"
8402166,4.4,48.13999999999999,0015-08-31 17:22:32,0015-08-31 22:02:08,17,22,4.66,Mon,65023200,"Pammal, Chennai"
1938872,6.7,48.13999999999999,0015-09-16 15:28:54,0015-09-16 20:07:08,15,20,4.637222222,Wed,48821751,"Pammal, Chennai"
6251149,6.78,48.13999999999999,0015-07-30 10:59:01,0015-07-30 15:36:07,10,15,4.618333333,Thu,74843010,"Pammal, Chennai"
3297805,6.54,48.13999999999999,0015-05-20 17:16:07,0015-05-20 21:54:06,17,21,4.633055556,Wed,65023200,"Pammal, Chennai"
1675386,6.86,48.13999999999999,0015-04-21 17:18:07,0015-04-21 21:41:05,17,21,4.382777778,Tue,88561539,"Pammal, Chennai"
9272284,17.97,48.13999999999999,0015-08-20 17:58:27,0015-08-20 22:35:08,17,22,4.611388889,Thu,82888443,"Pammal, Chennai"
4228788,6.76,48.13999999999999,0014-11-21 12:05:46,0014-11-21 16:46:04,12,16,4.671666667,Fri,35897499,"Pammal, Chennai"
9564438,5.08,48.13999999999999,0015-08-03 13:14:08,0015-08-03 17:46:08,13,17,4.533333333,Mon,37412595,"Pammal, Chennai"
2791340,6.54,48.13999999999999,0015-08-28 11:38:57,0015-08-28 17:10:11,11,17,5.520555556,Fri,88561539,"Pammal, Chennai"
6621911,4.85,48.13999999999999,0015-08-05 17:30:52,0015-08-05 22:02:06,17,22,4.520555556,Wed,88561539,"Pammal, Chennai"
4899209,4.4,48.13999999999999,0015-08-04 17:11:01,0015-08-04 21:45:08,17,21,4.568611111,Tue,88561539,"Pammal, Chennai"
8343957,4.79,48.13999999999999,0015-09-17 17:07:31,0015-09-17 21:45:10,17,21,4.6275,Thu,37412595,"Pammal, Chennai"
7232597,14.12,55.61000000000001,0015-06-24 16:10:39,0015-06-24 20:51:05,16,20,4.673888889,Wed,90692118,"Pammal, Chennai"
4496022,6.19,55.61000000000001,0015-09-30 13:26:05,0015-09-30 18:08:08,13,18,4.700833333,Wed,72512154,"Pammal, Chennai"
7256856,6.47,55.61000000000001,0015-05-26 16:13:22,0015-05-26 20:56:06,16,20,4.712222222,Tue,94947534,"Pammal, Chennai"
2654056,6.96,55.61000000000001,0014-11-25 16:57:46,0014-11-25 21:42:04,16,21,4.738333333,Tue,30828105,"Pammal, Chennai"
2885670,7.01,55.61000000000001,0015-05-07 15:26:26,0015-05-07 20:10:09,15,20,4.728611111,Thu,75922902,"Pammal, Chennai"
2305045,6.83,55.61000000000001,0015-09-01 15:25:07,0015-09-01 20:06:09,15,20,4.683888889,Tue,48821751,"Pammal, Chennai"
6816871,7.12,55.61000000000001,0015-09-21 11:57:06,0015-09-21 16:18:10,11,16,4.351111111,Mon,92283246,"Pammal, Chennai"
2581511,6.71,55.61000000000001,0015-07-29 11:24:34,0015-07-29 16:05:14,11,16,4.677777778,Wed,48821751,"Pammal, Chennai"
2118414,6.62,55.61000000000001,0015-07-16 17:32:36,0015-07-16 22:01:10,17,22,4.476111111,Thu,65023200,"Pammal, Chennai"
9538898,6.91,55.61000000000001,0015-08-07 13:34:48,0015-08-07 18:16:06,13,18,4.688333333,Fri,37412595,"Pammal, Chennai"
7705326,6.71,55.61000000000001,0015-07-17 12:26:54,0015-07-17 17:12:05,12,17,4.753055556,Fri,45267948,"Pammal, Chennai"
5011566,5.38,55.61000000000001,0015-08-24 16:27:39,0015-08-24 21:11:05,16,21,4.723888889,Mon,81880524,"Pammal, Chennai"
8958839,5.83,62.25,0015-08-10 13:06:24,0015-08-10 17:56:08,13,17,4.828888889,Mon,65023200,"Pammal, Chennai"
7129654,7.11,62.25,0015-07-24 11:06:26,0015-07-24 15:53:16,11,15,4.780555556,Fri,10909503,"Pammal, Chennai"
9232903,6.9,62.25,0015-09-29 11:20:57,0015-09-29 16:09:09,11,16,4.803333333,Tue,81295434,"Pammal, Chennai"
2486127,6.51,62.25,0015-05-19 16:45:22,0015-05-19 21:34:05,16,21,4.811944444,Tue,65023200,"Pammal, Chennai"
6067782,6.34,62.25,0015-05-27 17:14:53,0015-05-27 22:01:06,17,22,4.770277778,Wed,65023200,"Pammal, Chennai"
5663108,6.65,62.25,0015-05-13 17:14:12,0015-05-13 21:55:11,17,21,4.683055556,Wed,65023200,"Pammal, Chennai"
4273923,6.62,62.25,0015-05-13 10:45:46,0015-05-13 15:37:06,10,15,4.855555556,Wed,32751774,"Pammal, Chennai"
9262993,6.91,62.25,0015-04-28 11:06:37,0015-04-28 15:57:06,11,15,4.841388889,Tue,32751774,"Pammal, Chennai"
5200982,7.1,62.25,0015-08-19 11:12:28,0015-08-19 16:01:06,11,16,4.810555556,Wed,81295434,"Pammal, Chennai"
1894829,7.64,62.25,0015-07-22 12:30:37,0015-07-22 17:20:07,12,17,4.825,Wed,45267948,"Pammal, Chennai"
5654142,3.04,62.25,0015-09-23 10:54:26,0015-09-23 15:43:06,10,15,4.811111111,Wed,65023200,"Pammal, Chennai"
6530280,6.16,62.25,0015-07-28 11:59:55,0015-07-28 16:47:07,11,16,4.786666667,Tue,50986683,"Pammal, Chennai"
8679380,6.46,62.25,0015-07-17 17:08:00,0015-07-17 21:53:05,17,21,4.751388889,Fri,65023200,"Pammal, Chennai"
6935812,5.88,62.25,0015-07-23 17:23:13,0015-07-23 22:05:17,17,22,4.701111111,Thu,65023200,"Pammal, Chennai"
1022066,14.91,62.25,0015-08-28 11:39:44,0015-08-28 17:10:11,11,17,5.5075,Fri,90692118,"Pammal, Chennai"
2366312,6.58,62.25,0015-04-29 17:10:57,0015-04-29 21:53:06,17,21,4.7025,Wed,65023200,"Pammal, Chennai"
9059619,5.11,62.25,0015-09-09 12:45:40,0015-09-09 17:34:09,12,17,4.808055556,Wed,13066218,"Pammal, Chennai"
6880237,17.48,62.25,0015-07-31 13:50:18,0015-07-31 18:37:05,13,18,4.779722222,Fri,82888443,"Pammal, Chennai"
1439515,7.79,68.89,0015-07-22 10:33:13,0015-07-22 15:26:05,10,15,4.881111111,Wed,10909503,"Maduravoyal, Chennai"
1854047,4.82,68.89,0015-08-25 17:24:06,0015-08-25 22:16:05,17,22,4.866388889,Tue,37412595,"Maduravoyal, Chennai"
7131170,6.91,68.89,0015-04-09 11:17:46,0015-04-09 16:13:05,11,16,4.921944444,Thu,32751774,"Maduravoyal, Chennai"
9371250,7.1,68.89,0015-07-28 16:03:13,0015-07-28 20:54:07,16,20,4.848333333,Tue,81880524,"Maduravoyal, Chennai"
2142802,2.29,68.89,0015-05-14 18:00:12,0015-05-14 22:53:09,18,22,4.8825,Thu,45267948,"Maduravoyal, Chennai"
6985154,3.05,68.89,0015-09-23 16:54:25,0015-09-23 21:46:07,16,21,4.861666667,Wed,65023200,"Maduravoyal, Chennai"
6991392,5.98,68.89,0015-06-24 11:56:49,0015-06-24 16:53:05,11,16,4.937777778,Wed,45267948,"Maduravoyal, Chennai"
2893766,6.81,68.89,0015-08-12 11:22:08,0015-08-12 16:18:07,11,16,4.933055556,Wed,74843010,"Maduravoyal, Chennai"
1851465,6.19,68.89,0015-06-03 17:04:29,0015-06-03 21:55:07,17,21,4.843888889,Wed,65023200,"Maduravoyal, Chennai"
3634959,10.45,68.89,0015-05-18 12:49:14,0015-05-18 17:36:06,12,17,4.781111111,Mon,90692118,"Maduravoyal, Chennai"
7943741,6.78,68.89,0015-04-29 12:53:18,0015-04-29 17:47:07,12,17,4.896944444,Wed,97867440,"Maduravoyal, Chennai"
7230828,5.56,68.89,0015-06-11 13:16:28,0015-06-11 18:10:12,13,18,4.895555556,Thu,32751774,"Maduravoyal, Chennai"
2162299,4.1,68.89,0015-01-26 18:09:47,0015-01-29 01:24:04,18,1,55.23805556,Mon,65023200,"Maduravoyal, Chennai"
1583759,2.61,68.89,0015-09-09 16:11:44,0015-09-09 21:06:09,16,21,4.906944444,Wed,76114467,"Maduravoyal, Chennai"
6555119,7.05,68.89,0015-08-04 11:04:17,0015-08-04 15:58:06,11,15,4.896944444,Tue,81295434,"Maduravoyal, Chennai"
9188340,5.96,68.89,0015-05-06 14:02:47,0015-05-06 18:56:06,14,18,4.888611111,Wed,32015313,"Maduravoyal, Chennai"
7357133,7.84,76.36,0015-03-03 16:35:54,0015-03-03 21:33:05,16,21,4.953055556,Tue,35897499,"Maduravoyal, Chennai"
8633711,6.77,76.36,0015-08-28 11:25:33,0015-08-28 17:10:11,11,17,5.743888889,Fri,45267948,"Maduravoyal, Chennai"
5164549,8.23,76.36,0015-08-04 17:00:32,0015-08-04 21:58:12,17,21,4.961111111,Tue,65023200,"Maduravoyal, Chennai"
7640982,6.58,76.36,0015-08-21 12:29:44,0015-08-21 17:27:07,12,17,4.956388889,Fri,92911698,"Maduravoyal, Chennai"
5431268,5.48,76.36,0015-04-27 17:48:08,0015-04-27 21:51:13,17,21,4.051388889,Mon,65023200,"Maduravoyal, Chennai"
8254195,9.14,76.36,0015-05-19 15:07:30,0015-05-19 20:06:06,15,20,4.976666667,Tue,10909503,"Maduravoyal, Chennai"
7183795,6.63,76.36,0015-06-04 11:28:53,0015-06-04 16:28:04,11,16,4.986388889,Thu,32751774,"Maduravoyal, Chennai"
2838084,4.89,83.0,0015-08-11 16:55:38,0015-08-11 21:52:06,16,21,4.941111111,Tue,65023200,"Medavakkam, Chennai"
7823660,1.1,83.0,0015-09-16 16:18:19,0015-09-16 21:21:07,16,21,5.046666667,Wed,65023200,"Medavakkam, Chennai"
3913179,5.23,83.0,0015-06-24 16:57:47,0015-06-24 21:59:05,16,21,5.021666667,Wed,65023200,"Medavakkam, Chennai"
9063929,6.93,83.0,0015-08-25 10:51:01,0015-08-25 15:54:05,10,15,5.051111111,Tue,74843010,"Medavakkam, Chennai"
2320295,6.58,83.0,0015-04-21 12:01:46,0015-04-21 17:04:06,12,17,5.038888889,Tue,32751774,"Medavakkam, Chennai"
3740018,1.53,83.0,0015-09-15 17:07:40,0015-09-15 22:08:07,17,22,5.0075,Tue,74843010,"Medavakkam, Chennai"
4643861,6.9,83.0,0015-04-21 11:13:43,0015-04-21 16:14:06,11,16,5.006388889,Tue,30464676,"Medavakkam, Chennai"
4053666,6.82,89.64,0015-08-07 11:02:41,0015-08-07 16:12:06,11,16,5.156944444,Fri,30464676,"Medavakkam, Chennai"
4109262,6.95,89.64,0015-05-26 17:00:21,0015-05-26 21:55:13,17,21,4.914444444,Tue,88561539,"Medavakkam, Chennai"
5570215,7.7,89.64,0015-05-29 17:09:08,0015-05-29 21:52:05,17,21,4.715833333,Fri,65023200,"Medavakkam, Chennai"
5292902,6.37,89.64,0015-07-02 14:03:29,0015-07-02 18:37:05,14,18,4.56,Thu,50725917,"Medavakkam, Chennai"
1388465,6.6,89.64,0015-05-29 16:13:38,0015-05-29 20:17:15,16,20,4.060277778,Fri,94947534,"Medavakkam, Chennai"
4490531,4.86,97.11,0015-09-23 15:50:23,0015-09-23 20:56:07,15,20,5.095555556,Wed,88561539,"Medavakkam, Chennai"
7542026,6.84,97.11,0015-09-10 11:08:49,0015-09-10 16:24:06,11,16,5.254722222,Thu,81295434,"Medavakkam, Chennai"
7334018,6.46,97.11,0015-08-26 12:57:52,0015-08-26 18:09:07,12,18,5.1875,Wed,11299464,"Medavakkam, Chennai"
5564832,7.73,97.11,0015-06-04 10:15:09,0015-06-04 15:30:07,10,15,5.249444444,Thu,10909503,"Medavakkam, Chennai"
2565954,6.35,97.11,0015-04-22 12:02:05,0015-04-22 17:15:13,12,17,5.218888889,Wed,32751774,"Medavakkam, Chennai"
9319901,6.3,97.11,0015-09-08 16:42:38,0015-09-08 21:58:08,16,21,5.258333333,Tue,65023200,"Medavakkam, Chennai"
2617840,6.39,97.11,0015-06-17 10:59:59,0015-06-17 16:13:14,10,16,5.220833333,Wed,32751774,"Medavakkam, Chennai"
7028441,2.76,103.75,0015-01-21 18:57:38,0015-01-21 23:01:04,18,23,4.057222222,Wed,65023200,"Medavakkam, Chennai"
8119738,6.91,103.75,0015-04-16 10:59:00,0015-04-16 16:16:05,10,16,5.284722222,Thu,32751774,"Medavakkam, Chennai"
1613681,3.3,103.75,0015-08-26 15:52:54,0015-08-26 21:05:16,15,21,5.206111111,Wed,81295434,"Medavakkam, Chennai"
8791850,9.31,103.75,0015-02-19 17:55:23,0015-02-19 23:12:05,17,23,5.278333333,Thu,65023200,"Medavakkam, Chennai"
9704798,5.98,103.75,0015-06-29 11:53:15,0015-06-29 17:08:05,11,17,5.247222222,Mon,50986683,"Medavakkam, Chennai"
7857520,8.02,103.75,0015-07-29 11:47:43,0015-07-29 17:07:07,11,17,5.323333333,Wed,45267948,"Medavakkam, Chennai"
8237414,6.78,103.75,0015-05-11 15:45:17,0015-05-11 21:03:06,15,21,5.296944444,Mon,48585042,"Medavakkam, Chennai"
1824270,7.89,110.39,0015-02-23 17:40:15,0015-02-23 23:00:12,17,23,5.3325,Mon,65023200,"Medavakkam, Chennai"
4635698,3.11,110.39,0015-02-18 17:35:32,0015-02-18 22:44:04,17,22,5.142222222,Wed,65023200,"Medavakkam, Chennai"
3071699,3.47,110.39,0015-09-04 16:00:39,0015-09-04 21:25:10,16,21,5.408611111,Fri,65023200,"Medavakkam, Chennai"
4210867,6.81,110.39,0015-06-22 08:58:42,0015-06-22 14:24:06,8,14,5.423333333,Mon,98345808,"Medavakkam, Chennai"
6748253,6.49,110.39,0015-03-17 13:06:58,0015-03-17 18:30:10,13,18,5.386666667,Tue,32015313,"Medavakkam, Chennai"
3934160,7.58,117.86,0015-06-11 11:56:34,0015-06-11 17:24:06,11,17,5.458888889,Thu,45267948,"Medavakkam, Chennai"
6955025,6.88,117.86,0015-09-16 11:14:32,0015-09-16 16:40:11,11,16,5.4275,Wed,74843010,"Medavakkam, Chennai"
4060982,6.69,117.86,0015-08-27 10:11:09,0015-08-27 15:41:05,10,15,5.498888889,Thu,32751774,"Medavakkam, Chennai"
2733475,5.37,117.86,0015-08-12 16:03:29,0015-08-12 21:32:06,16,21,5.476944444,Wed,88561539,"Medavakkam, Chennai"
8143815,6.89,117.86,0015-09-15 10:43:20,0015-09-15 16:09:10,10,16,5.430555556,Tue,32751774,"Medavakkam, Chennai"
5583862,13.24,117.86,0015-09-29 17:06:18,0015-09-29 22:36:06,17,22,5.496666667,Tue,82888443,"Medavakkam, Chennai"
3059726,5.42,117.86,0015-08-25 16:13:59,0015-08-25 21:44:06,16,21,5.501944444,Tue,65023200,"Medavakkam, Chennai"
3064157,6.96,117.86,0015-08-24 11:01:39,0015-08-24 16:29:05,11,16,5.457222222,Mon,10909503,"Medavakkam, Chennai"
5353843,6.69,117.86,0015-05-01 08:58:06,0015-05-01 14:26:06,8,14,5.466666667,Fri,98345808,"Medavakkam, Chennai"
7384243,6.84,124.5,0015-08-10 15:04:44,0015-08-10 20:36:08,15,20,5.523333333,Mon,81295434,"Anna Nagar, Chennai"
7877637,6.91,124.5,0015-08-18 11:05:14,0015-08-18 17:04:06,11,17,5.981111111,Tue,81295434,"Anna Nagar, Chennai"
6756770,7.74,124.5,0015-09-03 12:29:50,0015-09-03 18:03:07,12,18,5.554722222,Thu,45267948,"Anna Nagar, Chennai"
4031436,10.6,124.5,0015-06-25 12:02:10,0015-06-25 17:27:05,12,17,5.415277778,Thu,90692118,"Anna Nagar, Chennai"
7896148,6.76,124.5,0015-06-12 12:31:57,0015-06-12 18:06:14,12,18,5.571388889,Fri,29309940,"Anna Nagar, Chennai"
7249937,6.83,131.14000000000001,0015-09-23 13:13:57,0015-09-23 18:53:08,13,18,5.653055556,Wed,92911698,"Anna Nagar, Chennai"
1502023,6.73,131.14000000000001,0015-09-21 10:55:31,0015-09-21 16:33:08,10,16,5.626944444,Mon,74843010,"Anna Nagar, Chennai"
9090272,5.48,131.14000000000001,0015-07-10 14:07:13,0015-07-10 19:40:07,14,19,5.548333333,Fri,88561539,"Anna Nagar, Chennai"
4506034,7.35,131.14000000000001,0015-07-06 16:29:22,0015-07-06 22:05:12,16,22,5.597222222,Mon,65023200,"Anna Nagar, Chennai"
5535514,7.46,131.14000000000001,0015-05-12 13:30:22,0015-05-12 19:08:05,13,19,5.628611111,Tue,58140225,"Anna Nagar, Chennai"
5859533,7.21,131.14000000000001,0015-01-27 17:27:24,0015-01-27 23:00:06,17,23,5.545,Tue,65023200,"Anna Nagar, Chennai"
9628752,6.95,131.14000000000001,0015-09-14 11:30:27,0015-09-14 17:10:09,11,17,5.661666667,Mon,74843010,"Anna Nagar, Chennai"
1890363,6.78,131.14000000000001,0015-06-29 17:25:19,0015-06-29 21:40:11,17,21,4.247777778,Mon,65023200,"Anna Nagar, Chennai"
6502246,5.87,138.60999999999999,0015-09-23 11:54:49,0015-09-23 17:38:09,11,17,5.722222222,Wed,50986683,"Anna Nagar, Chennai"
3320247,6.73,138.60999999999999,0015-07-15 16:16:00,0015-07-15 21:59:05,16,21,5.718055556,Wed,65023200,"Anna Nagar, Chennai"
5923518,6.3,138.60999999999999,0015-03-13 16:07:08,0015-03-13 21:49:05,16,21,5.699166667,Fri,65023200,"Anna Nagar, Chennai"
4061039,6.7,145.25,0015-09-30 15:34:23,0015-09-30 21:23:07,15,21,5.812222222,Wed,75009330,"Anna Nagar, Chennai"
3825294,7.19,145.25,0015-07-14 17:24:36,0015-07-14 23:13:05,17,23,5.808055556,Tue,45267948,"Anna Nagar, Chennai"
3802199,5.16,145.25,0015-08-21 11:54:15,0015-08-21 17:44:06,11,17,5.830833333,Fri,29309940,"Anna Nagar, Chennai"
6524983,4.38,145.25,0015-07-09 15:11:00,0015-07-09 20:53:05,15,20,5.701388889,Thu,88561539,"Anna Nagar, Chennai"
4671482,4.66,145.25,0015-08-26 14:50:38,0015-08-26 20:39:06,14,20,5.807777778,Wed,88561539,"Anna Nagar, Chennai"
5193482,6.83,151.89000000000001,0015-07-06 09:46:32,0015-07-06 15:37:06,9,15,5.842777778,Mon,33295482,"Anna Nagar, Chennai"
4237194,7.34,159.35999999999999,0015-07-21 10:56:48,0015-07-21 16:53:05,10,16,5.938055556,Tue,10909503,"Anna Nagar, Chennai"
4150137,6.37,166.0,0015-06-02 15:55:00,0015-06-02 21:46:04,15,21,5.851111111,Tue,65023200,"Anna Nagar, Chennai"
2095458,5.09,166.0,0015-08-21 15:25:57,0015-08-21 21:29:06,15,21,6.0525,Fri,65023200,"Anna Nagar, Chennai"
7817859,7.84,166.0,0015-07-21 15:58:37,0015-07-21 21:54:06,15,21,5.924722222,Tue,65023200,"Anna Nagar, Chennai"
7417804,5.18,172.64000000000001,0015-09-04 13:36:01,0015-09-04 19:23:07,13,19,5.785,Fri,37412595,"Anna Nagar, Chennai"
8392413,6.96,172.64000000000001,0015-09-17 11:06:42,0015-09-17 17:14:08,11,17,6.123888889,Thu,10909503,"Anna Nagar, Chennai"
4261741,6.65,172.64000000000001,0015-04-13 15:15:23,0015-04-13 21:24:04,15,21,6.144722222,Mon,48585042,"Anna Nagar, Chennai"
5943291,6.76,180.10999999999999,0015-09-01 13:35:35,0015-09-01 19:47:07,13,19,6.192222222,Tue,92911698,"Anna Nagar, Chennai"
2671816,6.52,180.10999999999999,0015-06-01 13:48:50,0015-06-01 17:50:07,13,17,4.021388889,Mon,88561539,"Anna Nagar, Chennai"
2407671,6.14,186.75,0015-08-28 12:06:29,0015-08-28 18:24:07,12,18,6.293888889,Fri,97867440,"Anna Nagar, Chennai"
2421519,7.13,186.75,0015-06-17 10:57:50,0015-06-17 17:14:07,10,17,6.271388889,Wed,10909503,"Anna Nagar, Chennai"
9100030,5.55,193.39000000000001,0015-04-29 10:38:31,0015-04-29 17:00:14,10,17,6.361944444,Wed,32751774,"Anna Nagar, Chennai"
4024288,4.21,193.39000000000001,0015-09-11 10:59:00,0015-09-11 17:23:07,10,17,6.401944444,Fri,32751774,"Anna Nagar, Chennai"
2025999,8.76,200.85999999999999,0015-07-13 13:10:19,0015-07-13 19:38:07,13,19,6.463333333,Mon,90692118,"Anna Nagar, Chennai"
6295415,6.28,200.85999999999999,0015-05-18 15:41:11,0015-05-18 22:07:05,15,22,6.431666667,Mon,65023200,"Anna Nagar, Chennai"
4518580,6.72,200.85999999999999,0015-09-04 13:43:27,0015-09-04 19:34:08,13,19,5.844722222,Fri,19555569,"Anna Nagar, Chennai"
5850639,1.02,207.5,0015-06-01 11:03:50,0015-06-01 17:27:04,11,17,6.387222222,Mon,10909503,"Anna Nagar, Chennai"
9090303,7.39,214.14000000000001,0015-06-26 09:25:49,0015-06-26 16:04:15,9,16,6.640555556,Fri,10909503,"Anna Nagar, Chennai"
3654044,6.49,214.14000000000001,0015-07-15 10:27:03,0015-07-15 17:07:06,10,17,6.6675,Wed,32751774,"Anna Nagar, Chennai"
5167394,5.84,214.14000000000001,0015-04-13 11:42:15,0015-04-13 18:21:05,11,18,6.647222222,Mon,32751774,"Anna Nagar, Chennai"
9363895,0.0,221.60999999999999,0015-09-28 16:46:01,0015-09-28 23:29:08,16,23,6.718611111,Mon,81295434,"Anna Nagar, Chennai"
3725155,7.13,228.25,0015-07-15 13:23:28,0015-07-15 20:12:05,13,20,6.810277778,Wed,45267948,"Anna Nagar, Chennai"
4066460,7.08,234.89000000000001,0015-09-02 09:20:04,0015-09-02 16:14:08,9,16,6.901111111,Wed,66233970,"Anna Nagar, Chennai"
7432008,6.34,234.89000000000001,0015-07-28 12:09:12,0015-07-28 19:02:11,12,19,6.883055556,Tue,32751774,"Anna Nagar, Chennai"
1016799,13.8,234.89000000000001,0015-08-21 17:21:45,0015-08-22 00:16:06,17,0,6.905833333,Fri,82888443,"Anna Nagar, Chennai"
8362719,5.06,255.64000000000001,0015-01-29 14:15:44,0015-01-29 21:20:06,14,21,7.072777778,Thu,30828105,"Anna Nagar, Chennai"
8612115,14.15,263.11,0015-08-27 13:16:22,0015-08-27 20:29:10,13,20,7.213333333,Thu,90692118,"Anna Nagar, Chennai"
6424674,2.39,269.75,0015-09-23 15:30:20,0015-09-23 22:46:07,15,22,7.263055556,Wed,81295434,"Anna Nagar, Chennai"
7415604,5.9,290.5,0015-07-24 11:41:50,0015-07-24 19:13:07,11,19,7.521388889,Fri,50986683,"Anna Nagar, Chennai"
3910056,6.72,304.61,0015-06-26 11:12:37,0015-06-26 18:58:10,11,18,7.759166667,Fri,48821751,"Anna Nagar, Chennai"
8379594,7.17,332.0,0015-07-06 15:07:34,0015-07-06 21:38:05,15,21,6.508611111,Mon,92283246,"Anna Nagar, Chennai"
9529668,6.88,346.11,0015-08-12 10:36:23,0015-08-12 18:52:06,10,18,8.261944444,Wed,33295482,"Anna Nagar, Chennai"
1160262,5.82,346.11,0015-04-08 13:21:11,0015-04-08 21:36:05,13,21,8.248333333,Wed,32751774,"Anna Nagar, Chennai"
4309791,8.7,352.75,0015-02-12 12:41:57,0015-02-12 20:58:05,12,20,8.268888889,Thu,37392894,"Anna Nagar, Chennai"
7507374,6.86,366.86,0015-09-01 12:05:56,0015-09-01 20:34:08,12,20,8.47,Tue,81880524,"Anna Nagar, Chennai"
1466557,5.46,380.14,0015-09-09 13:17:32,0015-09-09 21:57:07,13,21,8.659722222,Wed,65023200,"Anna Nagar, Chennai"
9185227,12.26,387.61,0015-07-09 16:40:26,0015-07-10 01:23:05,16,1,8.710833333,Thu,82888443,"Anna Nagar, Chennai"
8094323,6.8,394.25,0015-05-13 09:06:13,0015-05-13 17:56:06,9,17,8.831388889,Wed,98345808,"Anna Nagar, Chennai"
4087293,6.64,394.25,0015-09-30 11:23:13,0015-09-30 20:10:10,11,20,8.7825,Wed,48821751,"Anna Nagar, Chennai"
6962786,6.17,400.89,0015-09-21 13:16:24,0015-09-21 22:07:08,13,22,8.845555556,Mon,65023200,"Anna Nagar, Chennai"
6470613,7.09,400.89,0015-06-23 11:10:44,0015-06-23 20:03:05,11,20,8.8725,Tue,48821751,"Anna Nagar, Chennai"
9833934,6.62,415.0,0015-07-23 12:19:51,0015-07-23 21:20:13,12,21,9.006111111,Thu,85580550,"Anna Nagar, Chennai"
1496170,7.01,429.11,0015-09-30 10:10:40,0015-09-30 19:25:08,10,19,9.241111111,Wed,10909503,"Anna Nagar, Chennai"
2823867,6.56,442.39,0015-07-16 12:02:53,0015-07-16 21:22:06,12,21,9.320277778,Thu,85580550,"Anna Nagar, Chennai"
3873391,7.0,477.25,0015-06-22 11:07:02,0015-06-22 20:57:15,11,20,9.836944444,Mon,10909503,"Anna Nagar, Chennai"
8630811,6.47,477.25,0015-03-11 16:01:55,0015-03-11 22:38:05,16,22,6.602777778,Wed,78533433,"Anna Nagar, Chennai"
1654818,7.23,532.86,0015-06-10 10:42:47,0015-06-10 21:12:05,10,21,10.48833333,Wed,10909503,"Anna Nagar, Chennai"
4089662,7.05,622.5,0015-08-26 10:56:52,0015-08-26 22:32:05,10,22,11.58694444,Wed,10909503,"Anna Nagar, Chennai"
