[
  {
    "id": 1741051228847,
    "email": "test@example.com"
  },
  {
    "id": 1741051343352,
    "email": "test@example.com",
    "timeSlot": "10:00 AM - 11:00 AM"
  },
  {
    "id": 1741052453053,
    "email": "test@example.com",
    "timeSlot": "10:00 AM - 11:00 AM"
  },
  {
    "id": 1741052807677,
    "email": "test@example.com",
    "stationId": 8,
    "timeSlot": "10:00 AM - 11:00 AM"
  },
  {
    "id": 1741052809290,
    "email": "test@example.com",
    "stationId": 8,
    "timeSlot": "10:00 AM - 11:00 AM"
  },
  {
    "id": 1741052809874,
    "email": "test@example.com",
    "stationId": 8,
    "timeSlot": "10:00 AM - 11:00 AM"
  },
  {
    "id": 1741052810066,
    "email": "test@example.com",
    "stationId": 8,
    "timeSlot": "10:00 AM - 11:00 AM"
  },
  {
    "id": 1741052810426,
    "email": "test@example.com",
    "stationId": 8,
    "timeSlot": "10:00 AM - 11:00 AM"
  },
  {
    "id": 1741052810618,
    "email": "test@example.com",
    "stationId": 8,
    "timeSlot": "10:00 AM - 11:00 AM"
  },
  {
    "id": 1741052810794,
    "email": "test@example.com",
    "stationId": 8,
    "timeSlot": "10:00 AM - 11:00 AM"
  },
  {
    "id": 1741052811042,
    "email": "test@example.com",
    "stationId": 8,
    "timeSlot": "10:00 AM - 11:00 AM"
  },
  {
    "id": 1741052811218,
    "email": "test@example.com",
    "stationId": 8,
    "timeSlot": "10:00 AM - 11:00 AM"
  },
  {
    "id": 1741052811602,
    "email": "test@example.com",
    "stationId": 8,
    "timeSlot": "10:00 AM - 11:00 AM"
  },
  {
    "id": 1741052811802,
    "email": "test@example.com",
    "stationId": 8,
    "timeSlot": "10:00 AM - 11:00 AM"
  },
  {
    "id": 1741052811945,
    "email": "test@example.com",
    "stationId": 8,
    "timeSlot": "10:00 AM - 11:00 AM"
  },
  {
    "id": 1741052812114,
    "email": "test@example.com",
    "stationId": 8,
    "timeSlot": "10:00 AM - 11:00 AM"
  },
  {
    "id": 1741052812273,
    "email": "test@example.com",
    "stationId": 8,
    "timeSlot": "10:00 AM - 11:00 AM"
  },
  {
    "id": 1741052812426,
    "email": "test@example.com",
    "stationId": 8,
    "timeSlot": "10:00 AM - 11:00 AM"
  },
  {
    "id": 1741052812594,
    "email": "test@example.com",
    "stationId": 8,
    "timeSlot": "10:00 AM - 11:00 AM"
  },
  {
    "id": 1741052812745,
    "email": "test@example.com",
    "stationId": 8,
    "timeSlot": "10:00 AM - 11:00 AM"
  },
  {
    "id": 1741052812888,
    "email": "test@example.com",
    "stationId": 8,
    "timeSlot": "10:00 AM - 11:00 AM"
  },
  {
    "id": 1741052813841,
    "email": "test@example.com",
    "stationId": 3,
    "timeSlot": "10:00 AM - 11:00 AM"
  },
  {
    "id": 1741052814016,
    "email": "test@example.com",
    "stationId": 3,
    "timeSlot": "10:00 AM - 11:00 AM"
  },
  {
    "id": 1741052814184,
    "email": "test@example.com",
    "stationId": 3,
    "timeSlot": "10:00 AM - 11:00 AM"
  },
  {
    "id": 1741052814353,
    "email": "test@example.com",
    "stationId": 3,
    "timeSlot": "10:00 AM - 11:00 AM"
  },
  {
    "id": 1741052815559,
    "email": "test@example.com",
    "stationId": 8,
    "timeSlot": "10:00 AM - 11:00 AM"
  },
  {
    "id": 1741052815807,
    "email": "test@example.com",
    "stationId": 8,
    "timeSlot": "10:00 AM - 11:00 AM"
  },
  {
    "id": 1741052815975,
    "email": "test@example.com",
    "stationId": 8,
    "timeSlot": "10:00 AM - 11:00 AM"
  },
  {
    "id": 1741052816335,
    "email": "test@example.com",
    "stationId": 8,
    "timeSlot": "10:00 AM - 11:00 AM"
  },
  {
    "id": 1741052816727,
    "email": "test@example.com",
    "stationId": 8,
    "timeSlot": "10:00 AM - 11:00 AM"
  },
  {
    "id": 1741052816959,
    "email": "test@example.com",
    "stationId": 8,
    "timeSlot": "10:00 AM - 11:00 AM"
  },
  {
    "id": 1741053385966,
    "email": "test@example.com",
    "stationId": 8,
    "timeSlot": "10:00 AM - 11:00 AM"
  },
  {
    "id": 1741053386779,
    "email": "test@example.com",
    "stationId": 8,
    "timeSlot": "10:00 AM - 11:00 AM"
  },
  {
    "id": 1741053387100,
    "email": "test@example.com",
    "stationId": 8,
    "timeSlot": "10:00 AM - 11:00 AM"
  },
  {
    "id": 1741053388692,
    "email": "test@example.com",
    "stationId": 3,
    "timeSlot": "10:00 AM - 11:00 AM"
  },
  {
    "id": 1741053390491,
    "email": "test@example.com",
    "stationId": 4,
    "timeSlot": "10:00 AM - 11:00 AM"
  },
  {
    "id": 1741053390803,
    "email": "test@example.com",
    "stationId": 4,
    "timeSlot": "10:00 AM - 11:00 AM"
  },
  {
    "id": 1741053664336,
    "email": "test@example.com",
    "stationId": 8,
    "timeSlot": "10:00 AM - 11:00 AM"
  },
  {
    "id": 1741053665179,
    "email": "test@example.com",
    "stationId": 8,
    "timeSlot": "10:00 AM - 11:00 AM"
  },
  {
    "id": 1741053665363,
    "email": "test@example.com",
    "stationId": 8,
    "timeSlot": "10:00 AM - 11:00 AM"
  },
  {
    "id": 1741053665723,
    "email": "test@example.com",
    "stationId": 8,
    "timeSlot": "10:00 AM - 11:00 AM"
  },
  {
    "id": 1741053665907,
    "email": "test@example.com",
    "stationId": 8,
    "timeSlot": "10:00 AM - 11:00 AM"
  },
  {
    "id": 1741053666081,
    "email": "test@example.com",
    "stationId": 8,
    "timeSlot": "10:00 AM - 11:00 AM"
  },
  {
    "id": 1741053666258,
    "email": "test@example.com",
    "stationId": 8,
    "timeSlot": "10:00 AM - 11:00 AM"
  },
  {
    "id": 1741053666435,
    "email": "test@example.com",
    "stationId": 8,
    "timeSlot": "10:00 AM - 11:00 AM"
  },
  {
    "id": 1741053666609,
    "email": "test@example.com",
    "stationId": 8,
    "timeSlot": "10:00 AM - 11:00 AM"
  },
  {
    "id": 1741053667001,
    "email": "test@example.com",
    "stationId": 8,
    "timeSlot": "10:00 AM - 11:00 AM"
  },
  {
    "id": 1741053667273,
    "email": "test@example.com",
    "stationId": 8,
    "timeSlot": "10:00 AM - 11:00 AM"
  },
  {
    "id": 1741053667481,
    "email": "test@example.com",
    "stationId": 8,
    "timeSlot": "10:00 AM - 11:00 AM"
  },
  {
    "id": 1741053667673,
    "email": "test@example.com",
    "stationId": 8,
    "timeSlot": "10:00 AM - 11:00 AM"
  },
  {
    "id": 1741053667881,
    "email": "test@example.com",
    "stationId": 8,
    "timeSlot": "10:00 AM - 11:00 AM"
  },
  {
    "id": 1741053668250,
    "email": "test@example.com",
    "stationId": 8,
    "timeSlot": "10:00 AM - 11:00 AM"
  },
  {
    "id": 1741053668480,
    "email": "test@example.com",
    "stationId": 8,
    "timeSlot": "10:00 AM - 11:00 AM"
  },
  {
    "id": 1741053668672,
    "email": "test@example.com",
    "stationId": 8,
    "timeSlot": "10:00 AM - 11:00 AM"
  },
  {
    "id": 1741053668863,
    "email": "test@example.com",
    "stationId": 8,
    "timeSlot": "10:00 AM - 11:00 AM"
  },
  {
    "id": 1741053669705,
    "email": "test@example.com",
    "stationId": 3,
    "timeSlot": "10:00 AM - 11:00 AM"
  },
  {
    "id": 1741053669897,
    "email": "test@example.com",
    "stationId": 3,
    "timeSlot": "10:00 AM - 11:00 AM"
  },
  {
    "id": 1741053671398,
    "email": "test@example.com",
    "stationId": 7,
    "timeSlot": "10:00 AM - 11:00 AM"
  },
  {
    "id": 1741053673494,
    "email": "test@example.com",
    "stationId": 3,
    "timeSlot": "10:00 AM - 11:00 AM"
  },
  {
    "id": 1741053674622,
    "email": "test@example.com",
    "stationId": 7,
    "timeSlot": "10:00 AM - 11:00 AM"
  },
  {
    "id": 1741054304950,
    "email": "test@example.com",
    "stationId": 8,
    "timeSlot": "10:00 AM - 11:00 AM"
  },
  {
    "id": 1741054342135,
    "email": "test@example.com",
    "stationId": 3,
    "timeSlot": "10:00 AM - 11:00 AM"
  },
  {
    "id": 1741055025278,
    "email": "abcd",
    "stationId": 7,
    "timeSlot": "10:00 AM - 11:00 AM"
  },
  {
    "id": 1741055842296,
    "email": "abcd",
    "stationId": 8,
    "timeSlot": "10:00 AM - 11:00 AM"
  },
  {
    "id": 1741057771778,
    "email": "abcd",
    "stationId": 8,
    "timeSlot": "10:00 AM - 11:00 AM"
  },
  {
    "id": 1741057827495,
    "email": "abcd",
    "stationId": 8,
    "timeSlot": "10:00 AM - 11:00 AM"
  },
  {
    "id": 1741059647184,
    "email": "abcd",
    "stationId": 8,
    "timeSlot": "10:00 AM - 11:00 AM"
  }
]